electrical,4490
visas,3829
air-travel,2273
plumbing,2223
usa,2168
encryption,1783
wiring,1680
schengen,1561
uk,1522
human-biology,1448
baking,1444
genetics,1229
food-safety,1211
evolution,1159
hash,1141
rsa,1095
customs-and-immigration,1067
transit,1016
lighting,1003
biochemistry,984
aes,923
hvac,922
substitutions,920
bathroom,885
trains,864
molecular-biology,863
water,861
public-key,842
repair,832
equipment,816
cell-biology,759
cryptanalysis,742
passports,731
public-transport,723
wood,722
drywall,714
concrete,714
safety,709
insulation,696
bread,687
walls,677
luggage,669
tickets,666
bioinformatics,663
legal,646
budget,645
doors,637
dna,637
neuroscience,614
canada,608
basement,597
indian-citizens,593
europe,591
elliptic-curves,575
botany,565
physiology,556
india,556
zoology,545
online-resources,544
germany,538
flooring,533
cleaning,524
france,516
airports,505
kitchens,503
switch,500
shower,490
chicken,488
japan,484
international-travel,476
heating,469
windows,464
signature,456
eggs,449
storage-method,446
proteins,443
block-cipher,438
tile,436
air-conditioning,431
painting,427
health,425
terminology,423
microbiology,421
species-identification,416
meat,416
oven,413
airlines,409
leak,408
cake,402
freezing,402
sauce,401
money,392
planning,392
ceiling,390
furnace,389
algorithm-design,383
refrigerator,382
flavor,378
entomology,378
protocol-design,378
water-heater,377
toilet,377
temperature,373
homework,372
floor,371
light-fixture,368
airport-transfer,367
random-number-generator,360
food-and-drink,355
roof,354
reference-request,347
driving,344
bookings,344
thermostat,339
paint,339
visa-refusal,338
molecular-genetics,337
china,337
us-citizens,336
diffie-hellman,335
tools,334
transportation,333
paperwork,333
immunology,331
framing,328
london,325
circuit-breaker,324
keys,323
cellphones,321
authentication,319
salt,318
layovers,317
woodworking,316
australia,314
receptacle,314
bacteriology,312
storage-lifetime,312
deck,311
italy,309
quadcopter,306
hotels,306
vegetables,304
buses,302
symmetric,302
car-rentals,301
coffee,301
cheese,299
gfci,297
homomorphic-encryption,297
mobile-robot,295
garage,293
faucet,291
chocolate,290
code-compliance,290
tips-and-tricks,289
ceiling-fan,289
metabolism,288
fruit,286
drain,286
turkey,283
oil,283
arduino,282
pipe,282
frying,280
dough,279
provable-security,277
security,276
airport-security,275
hmac,271
accommodation,269
sugar,265
food-science,263
regulations,262
implementation,259
brain,258
control,255
esta,255
human-anatomy,255
automobiles,254
cancer,251
ecology,251
mac,250
attic,249
tls,248
gas,248
cookies,247
plant-physiology,243
foundation,243
passwords,242
beef,242
sink,242
vent,241
russia,240
pasta,239
motor,239
power,239
appliances,239
collision-resistance,238
children,236
pharmacology,236
food-preservation,234
dryer,234
led,233
screws,232
reproduction,230
fish,228
us-visa-waiver-program,228
transit-visas,228
mold,228
rice,227
key-exchange,227
soup,226
waterproofing,225
bathtub,224
pathology,224
sightseeing,224
paris,224
drill,221
installation,220
spices,220
shopping,219
key-derivation,218
hardwood-floor,217
stream-cipher,217
spain,217
grounding,217
milk,216
gene-expression,215
authenticated-encryption,211
water-pressure,211
drainage,210
dna-sequencing,210
washing-machine,208
b1-b2-visas,207
borders,205
alcohol,204
sensors,204
outdoor,203
cbc,201
lab-techniques,199
human-genetics,199
electrical-panel,198
thailand,198
butter,198
potatoes,198
insurance,197
payment-cards,197
uk-citizens,195
flour,194
electronic-items,193
mounting,192
exterior,192
fireplace,189
lhr,189
pizza,189
yeast,187
brick,185
removal,185
rna,184
storage,184
tea,183
hand-luggage,183
cooking-time,182
modes-of-operation,181
furniture,180
robotic-arm,180
boiler,179
grilling,178
trim,176
dual-nationality,175
pork,173
subfloor,173
cardiology,173
vision,172
plaster,172
neurophysiology,172
dsa,172
switzerland,172
discrete-logarithm,171
one-time-pad,171
loyalty-programs,171
modular-arithmetic,169
microwave,169
netherlands,168
local-customs,168
new-york-city,167
road-trips,166
des,166
slow-cooking,165
randomness,165
eyes,164
history,163
initialization-vector,163
pid,162
steak,162
hematology,160
studs,160
dishwasher,160
prime-numbers,160
stove,159
cabinets,159
zero-knowledge-proofs,158
staining,158
design,158
fence,158
sha-256,157
valve,157
food,156
genomics,155
ventilation,155
theoretical-biology,155
entropy,155
indian-cuisine,154
boiling,154
endocrinology,153
weather-and-climate,153
cast-iron,152
pest-control,152
mexico,151
natural-selection,151
enzymes,151
stairs,150
population-genetics,150
dessert,149
biophysics,149
drain-waste-vent,148
exchange,148
pcr,147
wooden-furniture,146
tomatoes,145
central-heating,145
joists,145
cookware,144
brute-force-attack,144
where-on-earth,144
adhesive,144
elgamal-encryption,142
smell,142
powertools,142
ferries,141
camping,141
pool,141
roasting,140
eu,139
rental,139
pie,139
sealing,139
standard-visitor-visa,138
beans,138
pseudo-random-function,137
onions,137
ducts,137
circuit,137
post-quantum-cryptography,137
maintenance,137
photosynthesis,136
muscles,135
language,134
mutations,134
virus,134
padding,134
factoids,134
south-korea,133
sha-1,133
culinary-uses,131
hiking,131
patio,131
pseudo-random-generator,131
pvc,131
thermostat-c-wire,131
study,130
key-size,130
structural,130
database,129
carpet,128
canning,128
candy,128
openssl,128
secret-sharing,128
statistics,127
lock,126
dubai,126
tourist-visas,126
tours,125
software,125
md5,125
localization,125
moisture,125
identify-this,125
garlic,125
construction,124
internet,124
classical-cipher,124
multiparty-computation,124
development,124
italian-cuisine,124
fermentation,122
asian-cuisine,122
herbs,122
sous-vide,122
hot-water,121
chili-peppers,121
driving-licenses,121
barbecue,120
multiple-entry,120
noise,120
amsterdam,120
overstaying,120
shelving,119
energy-efficiency,118
texture,118
factorization,118
taxonomy,118
ice-cream,118
singapore,117
microcontroller,117
taxis,117
pan,117
deep-frying,117
routes,116
hong-kong,116
australian-citizens,116
ornithology,115
heater,115
sound-proofing,115
cream,114
stock,114
slam,114
metal,114
carpentry,114
aircraft,113
chosen-plaintext-attack,113
chromosome,113
dimmer-switch,112
clothing,112
nutrition,112
pairings,112
fans,112
ethology,111
virology,111
anatomy,110
number-theory,110
poland,110
gear,110
pgp,109
phylogenetics,108
xor,108
work,108
subpanel,108
yogurt,107
culture,107
indonesia,107
exhaust-fan,107
vietnam,107
belgium,106
sourdough,106
israel,106
interior,106
heat,106
population-dynamics,106
recessed-lighting,106
knives,105
pbkdf-2,105
medicine,105
nature-and-wildlife,105
ireland,105
radiator,105
cancellations,105
event-based-effects,105
attack,105
masonry,104
plumbing-fixture,104
hygiene,104
price,104
wine,104
gcm,104
roofing,103
transcription,103
mammals,103
georgia-country,103
cell-membrane,103
behaviour,103
replacement,103
wire,102
cell-culture,102
data-wiring,102
fats,102
chemistry,102
marinade,101
primer,101
glass,101
ctr,101
cutting,101
visas-on-arrival,100
measurements,100
brazil,100
home-automation,100
iceland,100
repainting,100
vapor-barrier,100
grout,100
ingredient-selection,100
kitchen-counters,99
sleep,99
ros,99
mathematical-models,99
digestive-system,99
population-biology,99
tokyo,98
south-africa,98
seasoning,97
pump,97
caulking,96
raspberry-pi,96
filipino-citizens,96
irobot-create,95
curry,95
communication,95
finite-field,95
toxicology,95
new-zealand,94
biotechnology,94
known-plaintext-attack,94
file-encryption,94
skin,94
bicycles,94
smoking,93
plywood,93
maps,93
canadian-citizens,93
garage-door-opener,92
rationale,92
wheeled-robot,92
finishing,92
battery,92
protocol-analysis,92
siding,92
kinematics,91
plant-anatomy,91
senescence,90
drinks,90
fees-and-charges,90
greece,89
baseboard,89
complexity,89
certificates,89
flight-search-engines,89
central-air,89
business-travel,88
humidity,88
fares,88
sequence-analysis,88
sump-pump,88
sweden,88
chinese-cuisine,88
kalman-filter,87
one-way-function,87
winter,87
embryology,87
food-identification,87
photography,87
bedroom,87
neuroanatomy,86
human-eye,86
reheating,86
hanging,86
mortar,86
seating,86
visa-free-entry,86
cooling,86
sleeping,85
southeast-asia,85
crack,85
nutrient-composition,85
computer-vision,85
hostels,84
load-bearing,84
human-physiology,84
blood-circulation,84
driveway,84
chosen-ciphertext-attack,83
electric-motor,83
remodeling,83
brining,83
ceramic-tile,83
short-connection,83
book-recommendation,83
group-theory,83
norway,83
troubleshooting,82
vegetarian,82
vinegar,82
shed,82
united-airlines,82
proof-of-funds,82
sea-travel,82
romania,82
hole,82
exhaust-vent,82
wifi,82
laminate-floor,81
passport-stamps,81
sex,81
japanese-cuisine,81
pakistani-citizens,81
vegan,81
chimney,81
electrophysiology,81
mexican-cuisine,80
beaches,80
crawlspace,80
cruising,80
data-plans,80
austria,80
landscaping,80
nuts,80
seafood,80
nomenclature,80
sanding,79
asbestos,79
british-airways,79
hardwood,79
imu,79
pastry,79
electrical-distribution,79
door-frame,78
malaysia,78
motion-planning,78
gelatin,78
uae,78
language-barrier,78
noodles,78
mycology,78
gene,77
generator,77
luggage-storage,77
taiwan,77
california,77
security-definition,77
sushi,77
bolts,76
architecture,76
berlin,76
garbage-disposal,76
sprinkler-system,76
thickening,76
bacon,76
knife-skills,75
polyurethane,75
overland,75
iran,75
inverse-kinematics,75
amino-acids,75
conduit,75
steel,75
pickling,74
sausages,74
steaming,74
experimental-design,74
substitution-cipher,74
tiling,74
restaurants,74
s-boxes,74
antibody,73
solo-travel,73
eu-citizens,73
etiquette,73
materials,73
gutters,72
argentina,72
istanbul,72
post,72
noise-reduction,72
backpacking,72
microscopy,72
anchor,72
molecular-evolution,72
restaurant-mimicry,71
tsa,71
stop-overs,71
sensation,71
museums,71
mechanism,71
lattice-crypto,71
rc4,71
hamburgers,71
destinations,71
natural-gas,70
sewer,70
cabling,70
chile,70
240v,69
heat-pump,69
delays,69
gel-electrophoresis,69
recommendations,69
stone,69
bulb,69
cellular-respiration,69
slab,69
croatia,69
batter,69
shamir-secret-sharing,69
product-recommendation,69
synthetic-biology,68
mushrooms,68
structural-biology,68
coconut,68
crust,68
frozen,68
cloning,68
residency,67
family,67
cuba,67
rna-sequencing,67
plastic,66
genomes,66
breaker-box,66
roast,66
religion,65
refunds,65
morocco,65
visa-extensions,65
sauteing,65
condensation,65
spicy-hot,65
tipping,65
indian-railways,65
portugal,64
hardware,64
ecb,64
crockpot,64
drywall-anchor,64
brushless-motor,64
gluten-free,64
vinyl-flooring,63
hinges,63
basement-refinishing,63
juice,63
walking,63
mitochondria,63
frying-pan,63
long-stay-visas,63
neurology,63
protein-binding,63
south-america,63
brussels,63
utensils,63
san-francisco,63
junction-box,62
peru,62
lumber,62
adventure,62
ichthyology,62
philippines,62
performance,62
pancakes,62
nonce,62
respiration,62
sha-2,62
java,61
motorcycles,61
hardwood-refinishing,61
pain,61
pex,61
septic,61
3des,61
damage,61
90-180-visa-rules,60
hash-signature,60
lemon,60
side-channel-attack,60
broth,60
public-holidays,60
itineraries,60
cryptographic-hardware,60
molecular-gastronomy,59
password-based-encryption,59
islands,59
protocol,59
neurotransmitter,59
building-regulations,59
preimage-resistance,59
key-reuse,59
desk,59
resources,59
cameras,58
jam,58
perception,58
identity-based-encryption,58
rome,58
corn,58
infection,58
south-african-citizens,58
jfk,58
fresh,57
renovation,57
salad,57
dxb,57
seeds,57
life,57
mongolia,57
american-airlines,57
cell-signaling,57
countries,57
antibiotics,57
check-in,57
integrity,56
syrup,56
level,56
untagged,56
long-haul,56
plasmids,56
permutation,56
stepper-motor,56
human-evolution,56
marine-biology,56
navigation,55
seasonal,55
human-genome,55
electronics,55
working-holiday,55
stews,55
czech-republic,55
closet,55
bioenergetics,55
accelerometer,55
filter,55
water-softener,55
olive-oil,55
cocktails,55
epigenetics,55
cheese-making,55
snp,55
translation,55
format-preserving,54
ukraine,54
red-blood-cell,54
vanilla,54
nails,54
table,54
languages,54
pest,54
vigenere,54
chicken-breast,54
scotland,54
cambodia,54
minors,53
dairy,53
nightlife,53
ryanair,53
feistel-network,53
random-oracle-model,53
pavers,52
algorithm,52
salmon,52
mixing,52
laminate,52
winter-sports,52
well-pump,52
kinect,52
pressure-cooker,52
rice-cooker,52
pets,52
standards,52
activities,52
servos,52
support,51
demolition,51
species,51
mountains,51
ewr,51
paillier,51
protein-folding,51
defrosting,51
laos,51
egg-whites,51
sequence-alignment,51
psychology,51
nec,51
england,51
ecoli,51
hearing,51
gyroscope,51
parasitology,51
russian-citizens,50
garage-door,50
breathing,50
timer,50
brownies,50
death,50
national-parks,50
winterizing,50
pki,50
honey,50
timing-attack,50
health-and-safety,50
denmark,49
asia,49
pot,49
caulk,49
fastener,49
diving,49
mrna,49
munich,49
mitosis,49
stem-cells,49
air-quality,49
contractors,49
joints,49
colombia,49
grounding-and-bonding,49
beam,49
propane,48
gene-regulation,48
washer,48
f1-visas,48
smoke-detectors,48
saw,48
icing,48
trekking,48
ed25519,48
hungary,48
ntru,48
bcrypt,48
patching-drywall,48
popcorn,48
nist,48
rijndael,48
fan,48
whipped-cream,48
lamb,48
adaptation,48
stucco,48
apples,48
seasoning-pans,47
recipe-scaling,47
fire-hazard,47
bulgaria,47
kitchen-sink,47
actuator,47
guides,47
growth,47
compressor,47
notation,47
allergy,47
liver,47
please-remove-this-tag,47
perfect-secrecy,47
taps,47
melting-chocolate,47
decking,47
cbc-mac,47
meiosis,47
encoding,47
compensation,47
well,46
hitchhiking,46
applications,46
sha-3,46
frame,46
countertops,46
landmarks,46
egypt,46
barcelona,46
lfsr,46
espresso,46
diet,46
identification,46
basics,46
thai-cuisine,46
footings,46
raw,45
duty-free,45
lufthansa,45
atms,45
raw-meat,45
cheesecake,45
radiation,45
blinds,45
abe,45
spoilage,45
ams,45
chinese-citizens,45
travel-agents,45
lamp,45
outlets,44
water-circulating-heating,44
bangkok,44
dynamics,44
ham,44
matlab,44
solar-panels,44
cdg,44
application-status,44
high-speed-rail,44
bathroom-fixtures,44
lath-and-plaster,44
non-stick,44
hose,44
amtrak,44
low-voltage,44
epidemiology,44
night-transport,43
soy,43
bananas,43
meringue,43
protein-structure,43
compression,43
ekf,43
toronto,43
copper,43
one-way,43
multiple-encryption,43
circadian-rhythms,43
sydney,43
water-damage,43
caramel,43
brackets,43
stain,43
hiv,42
cement,42
mail,42
dna-isolation,42
muffins,42
dehydrating,42
shipping,42
tofu,42
sensor-fusion,42
concrete-block,42
wok,42
wallpaper,42
caramelization,42
measuring,42
chili,42
ginger,42
receptor,42
nepal,42
light,42
blender,42
servomotor,42
vancouver,42
custard,42
sexual-selection,41
acidity,41
data,41
finland,41
africa,41
aluminum,41
domestic-travel,41
pseudo-random-permutation,41
new-home,41
denial-of-entry,41
home-theater,41
action-potential,41
memory,41
french-cuisine,41
ground-beef,41
lawn-mower,41
proof-provenance-of-funds,41
torque,41
land-borders,41
computational-model,41
emirates,41
backsplash,41
mapping,41
french-drain,41
man-in-the-middle,41
vitamins,41
stainless-steel,40
duck,40
self-leveling-concrete,40
motion-sensor,40
cities,40
pigmentation,40
central-america,40
retaining-wall,40
rain,40
mobile-operators,40
rcservo,40
caribbean,40
soffit,40
esc,40
cables,40
beer,40
long-term,40
qatar-airways,40
ribs,40
histology,40
afci,39
starter,39
experimental,39
identity-cards,39
import-tax,39
life-history,39
pakistan,39
irrigation,39
roux,39
recombination,39
train-stations,39
local-cuisine,39
washington-dc,39
color,38
mirror,38
humidifier,38
middle-eastern-cuisine,38
hair,38
officials,38
emulsion,38
elgamal-signature,38
statistical-test,38
venting,38
peeling,38
vinyl-siding,38
scrypt,38
drying,38
flooding,38
cultural-awareness,38
extreme-tourism,38
distinguisher,38
eurostar,38
reproductive-biology,38
enzyme-kinetics,38
cupcakes,38
palaeontology,37
speciation,37
learning,37
oranges,37
ist,37
rising,37
lounges,37
stir-fry,37
copper-tubing,37
vaccination,37
railing,37
biostatistics,37
movement,37
restriction-enzymes,37
mayonnaise,37
emergencies,37
digestion,37
cinderblock,37
greyhound,37
saudi-arabia,37
air-filter,37
evolutionary-game-theory,37
rust-removal,37
clog,37
female-travellers,37
odometry,36
fat-metabolism,36
pathogenesis,36
lipids,36
blast,36
grinding,36
protein-interaction,36
key-generation,36
cell,36
industrial-robot,36
telomere,36
testing,36
organs,36
wheat,36
tap-water,36
decorating,36
baking-powder,36
zurich,36
baking-soda,36
nrt,36
definitions,36
gps,36
socket,36
short-notice,36
shrimp,36
day-trips,36
dna-damage,36
blocksize,35
stereo-vision,35
conversion,35
commitments,35
outdoor-activities,35
tub,35
germany-schengen-visas,35
pumpkin,35
citrus,35
pathophysiology,35
accessibility,35
differential-analysis,35
carrots,35
beijing,35
vinyl,35
spouses,35
bone-biology,35
technique,35
granite,35
energy,35
proof-of-onward-travel,35
systems-biology,35
los-angeles,35
lubrication,35
around-the-world,35
avocados,34
motion,34
glucose,34
permits,34
cfl,34
artificial-intelligence,34
sncf,34
egyptian-citizens,34
wood-finishing,34
blowfish,34
allele,34
swimming,34
sandwich,34
patch,34
srp,34
central-nervous-system,34
seoul,34
roaming,34
nucleic-acids,34
hand-tools,34
dutch-oven,34
shingles,34
bolivia,34
sharpening,34
vacations,34
consulates,34
underlayment,34
kidney,33
metal-cutting,33
stability,33
embassies,33
thanksgiving,33
chicken-stock,33
event-travel,33
dna-replication,33
venice,33
electric-stoves,33
montreal,33
cut-of-meat,33
vanity,33
drains,33
diy-vs-pro,33
arachnology,33
almonds,33
panama,33
breakfast,33
prague,33
transformation,33
salsa20,33
linear-cryptanalysis,33
bones,33
steganography,33
gelling-agents,33
bitcoin,33
cookbook,33
costa-rica,33
sha-512,33
routers,33
uav,33
salad-dressing,33
quantum-cryptography,33
semantic-security,32
simulator,32
moscow,32
engineered-flooring,32
radon,32
pressure-treated,32
fitting,32
sociality,32
western-blot,32
las-vegas,32
gps-navigation,32
telephone,32
roomba,32
steam,32
locate-this,32
nigerian-citizens,32
missed-flights,32
padding-oracle,32
trees,32
oblivious-transfer,32
mumbai,32
german-citizens,32
2nd-preimage-resistance,32
j1-visas,32
marriages,32
chicago,32
microwave-oven,32
weatherstripping,31
boston,31
spanish-cuisine,31
pizza-stone,31
beverages,31
low-cost-carriers,31
sports-events,31
splicing,31
food-processing,31
pregnancy,31
h1b-visas,31
gardening,31
french-fries,31
proof-of-work,31
c++,31
gates,31
klm,31
simulation,31
tv-antenna,31
flowers,31
engineering,31
calibration,31
hot-sauce,31
peanuts,31
abiogenesis,31
old-house,31
water-tank,30
synapses,30
lentils,30
homeostasis,30
chips,30
speakers,30
lungs,30
clothes-washer,30
new-delhi,30
organic-chemistry,30
tissue,30
oats,30
western-europe,30
airbnb,30
cell-division,30
range,30
budget-cooking,30
hash-tree,30
change-purpose-of-travel,30
sri-lanka,30
frankfurt,30
vienna,30
ssh,30
lawn,30
forward-secrecy,30
environment,30
risotto,30
visa-runs,30
preparation,30
fluorescent-microscopy,30
eggplant,30
drawers,30
human-ear,30
transition,30
porch,30
ice,29
inspection,29
keccak,29
iranian-citizens,29
meet-in-the-middle-attack,29
ripe,29
one-time-password,29
budapest,29
traffic,29
blower,29
volunteering,29
gravel,29
chacha,29
anonymity,29
festivals,29
eukaryotic-cells,29
microarray,29
pudding,29
laundry,29
protection,29
sfo,29
ice-maker,29
squash,29
drosophila,29
flashing,29
drugs,29
extinction,28
qatar,28
coloring,28
screens,28
guidebooks,28
autoimmune,28
kneading,28
halogen,28
machine-learning,28
scams,28
convection,28
blood-pressure,28
cocoa,28
soymilk,28
reptile,28
radio-control,28
electrocardiography,28
python,28
turkish-airlines,28
taxes,28
tbilisi,28
tempering,28
tenderizing,28
geek-travel,28
fire,28
television,28
frosting,28
rabin-cryptosystem,28
vacuum,28
finish,28
birthday-attack,27
immune-system,27
ontario,27
vantage-points,27
disk-encryption,27
invitation-letter,27
consistency,27
myanmar,27
schnorr-signature,27
serbia,27
multi-rotor,27
shanghai,27
underground,27
senses,27
gifts,27
soda,27
measurement,27
threshold-cryptography,27
replication,27
spaghetti,27
lasagna,27
asphalt,27
doorbell,27
carbohydrates,27
ant,27
induction,27
screwdriver,27
group-travel,26
azerbaijan,26
fudge,26
polymerase,26
forward-kinematics,26
alarm,26
wireless,26
serial,26
fra,26
pairing,26
curing,26
cutting-boards,26
glue,26
stockholm,26
sweet-potatoes,26
password-hashing,26
ardupilot,26
pdb,26
ecuador,26
tfl,26
new-zealand-citizens,26
puff-pastry,26
north-america,26
dumplings,26
lab-reagents,26
sponge-cake,26
apoptosis,26
sailing,26
jelly,26
alps,26
blind-signature,26
joint,25
kuwait,25
alaska,25
membrane-transport,25
workshop,25
local-knowledge,25
methods,25
cabbage,25
woodstove,25
jacobian,25
line-following,25
varnishing,25
thermodynamics,25
low-carb,25
hood,25
information-theory,25
hkdf,25
thermometer,25
disputes,25
organization,25
french-citizens,25
corrosion,25
odors,25
quantitative-genetics,25
hard-boiled-eggs,25
spinach,25
marble,25
events,25
eastern-europe,25
protein-expression,25
thawing,25
pepper,25
water-sports,25
cord-and-plug,25
condiments,25
american-cuisine,25
hot-tub,25
curtain-rail,25
length-extension,24
rainbow-table,24
working-visas,24
dublin,24
omelette,24
merkle-damgaard,24
disney,24
skillet,24
milan,24
delta-airlines,24
jerky,24
ord,24
dh-parameters,24
florida,24
pen-and-paper,24
pwm,24
particle-filter,24
tourist-traps,24
snow,24
radiant-heating,24
meatballs,24
presentation,24
braising,24
copenhagen,24
mdf,24
backdoors,24
tv,24
gravy,24
eta,24
septic-tanks,24
transcription-factor,24
programming-languages,24
brown-sugar,24
grains,24
waffle,24
forgery,24
quickbread,24
cement-board,23
entertainment,23
joinery,23
lgw,23
extracts,23
easyjet,23
enigma,23
linoleum,23
broiler,23
javascript,23
kitchen-safety,23
souvenirs,23
circular-saw,23
caffeine,23
coaxial-cable,23
ciphertext-only-attack,23
dairy-free,23
stove-top,23
astrobiology,23
classification,23
pineapple,23
lead,23
infusion,23
biodiversity,23
backyard,23
cover,23
ribosome,23
cornstarch,23
restaurant,23
strawberries,23
retrofit,23
basil,23
silicone,23
bell-peppers,23
star-alliance,23
pharmacokinetics,23
middle-east,23
conservation-biology,23
tankless,23
play-structures,23
deterministic-encryption,23
dietary-restrictions,23
menu-planning,23
solar,23
water-filtration,23
manipulator,23
melbourne,22
cinnamon,22
sri-lankan-citizens,22
antigen,22
utilities,22
whipper,22
mobile-apps,22
data-privacy,22
arm,22
soaking,22
london-underground,22
disposal,22
gastroenterology,22
gap,22
buenos-aires,22
roast-beef,22
meter,22
insects,22
doha,22
japan-rail,22
beagle-bone,22
luxury,22
lisbon,22
offroad,22
intelligence,22
circulatory-system,22
chemicals,22
test-vectors,22
mountain-climbing,22
serpent,22
engine,22
starch,22
child-safety,22
bechamel,22
pergola,22
mustard,21
qantas,21
seattle,21
nest,21
helsinki,21
microrna,21
fragile-luggage,21
research,21
madrid,21
usb,21
beginner,21
bali,21
reduction,21
extension-cord,21
allergies,21
gazebo,21
chickpeas,21
tax-refunds,21
lax,21
islam,21
embedded-systems,21
literature,21
italian-citizens,21
passenger-rights,21
nsa,21
secure-storage,21
invertebrates,21
downspout,21
speculative,21
campers,21
timezones,21
challenge-response,21
hill-cipher,21
differential-drive,21
calories,21
pre-pay,21
remove,21
texas,20
doorknob,20
cmac,20
ratio,20
grand-canyon,20
frequency-analysis,20
sds-page,20
order-preserving,20
draft,20
scrambled-eggs,20
cfb,20
indonesian-citizens,20
backer-board,20
termite,20
microbiome,20
foam,20
poaching,20
particle-board,20
repeat-visits,20
deadbolt,20
sill,20
pilgrimages,20
replay-attack,20
malleability,20
animal-models,20
ganache,20
sponge,20
cream-cheese,20
ultrasonic-sensors,20
kazakhstan,20
sheathing,20
flight-status,20
audio,20
pbkdf,20
thinset,20
tolls,20
ecosystem,20
brazilian-citizens,20
ladder,20
pectin,20
geography,20
catering,20
kuala-lumpur,20
voting,20
tortilla,20
korean-cuisine,20
transport-security,20
ethnobiology,20
knob-and-tube,20
c,20
macedonia,19
hawaii,19
spackling-paste,19
pkcs11,19
sourdough-starter,19
mint,19
greens,19
ground,19
kyoto,19
algebraic-attack,19
casserole,19
souffle,19
flange,19
butchering,19
epoxy,19
visualization,19
saint-petersburg,19
spraying,19
cooking-myth,19
mozzarella,19
registration,19
ph,19
assay-development,19
brisbane,19
community-ecology,19
imaging,19
hardness-assumptions,19
xts,19
retrovirus,19
bulk-cooking,19
mceliece,19
conferences,19
chromatin,19
proofing,19
paint-removal,19
rust-proofing,19
socializing,19
libsodium,19
jamaica,19
oneworld,19
skylight,19
buttermilk,19
timber-framing,19
lifespan,19
transposition-cipher,19
lightweight,19
jordan,19
melting,19
underwater,19
cable-management,19
blueberries,19
agriculture,19
deniable-encryption,19
air-canada,19
upgrades,19
rough-in,19
botulism,19
proof-of-accomodation,19
disputed-territories,19
histone,19
fiberglass,19
locks,19
stand-mixer,19
osmosis,19
slovenia,19
teeth,19
reflexes,18
parks-and-gardens,18
mice,18
hole-repair,18
creme-brulee,18
abu-dhabi,18
air-india,18
squeak,18
sliding-glass-door,18
transplantation,18
dreaming,18
additives,18
dogs,18
custom-cabinetry,18
fitness,18
macarons,18
smoothie,18
poly1305,18
kosher,18
riverboats,18
twofish,18
peripheral-nervous-system,18
sauerkraut,18
key-distribution,18
laser,18
sealer,18
france-schengen-visas,18
okinawa,18
injury,18
self-assembly-furniture,18
warsaw,18
music,18
balkans,18
fips-140,18
bavaria,18
chloroplasts,18
kimchi,18
belarus,18
sex-chromosome,18
beets,18
immunity,18
child-safety-seat,18
summer,18
breadcrumbs,18
serving,18
interrail,18
olfaction,18
nxt,18
central-europe,18
opening-hours,18
turkish-citizens,18
experiment,18
ceramic,18
oaep,18
garbled-circuits,17
lime,17
blockage,17
juicing,17
electroencephalography,17
english-language,17
couchsurfing,17
food-transport,17
biometric-passports,17
i-94,17
functional-encryption,17
lemon-juice,17
freighter-travel,17
canary-islands,17
coax,17
bio-mechanics,17
hot-springs,17
hybridization,17
ethernet,17
carbon-steel,17
leaks,17
fluorescent,17
hotp,17
kinetics,17
fireproof,17
host-pathogen-interaction,17
aluminum-cookware,17
crepe,17
charcuterie,17
neurodegerative-disorders,17
research-process,17
timestamping,17
marshmallow,17
syrian-citizens,17
toffee,17
shortening,17
pathway,17
wheel,17
weather-resistant,17
morphology,17
ofb,17
ships,17
miter,17
montenegro,17
etihad,17
120-240v,17
zrh,17
quadratic-residuosity,17
robotc,17
remote-locations,17
signal-processing,17
muc,17
osaka,17
natural-disasters,17
poultry,17
vietnamese-citizens,17
vodka,17
slovakia,17
key-schedule,16
spray-foam,16
macau,16
theory,16
tcga,16
adversarial-model,16
lost-documents,16
tanzania,16
low-fat,16
extension,16
magnetometer,16
oil-based-paint,16
firearms,16
athens,16
crc,16
air-france,16
sour-cream,16
dna-methylation,16
kul,16
diy-biology,16
mousse,16
krakow,16
shellfish,16
north-korea,16
yyz,16
malta,16
travel-tools,16
hokkaido,16
estonia,16
salsa,16
fondant,16
albania,16
lille,16
charcoal,16
structure-prediction,16
ukrainian-citizens,16
geneva,16
inheritance,16
connectors,16
general-biology,16
german-cuisine,16
pre-clearance,16
surge-suppression,16
bench,16
bahamas,16
utah,16
bangladeshi-citizens,16
deportation,16
patagonia,16
packaging,16
commutative-encryption,16
3d-structure,16
polyploidy,16
global-entry,16
automatic,16
venison,16
real-time,16
puerto-rico,16
autonomic-nervous-system,16
pine,16
polenta,16
auroras,16
french-press,16
purification,16
playfair,16
water-hammer,16
insect,16
quinoa,16
singapore-airlines,15
verifiability,15
wpa2-psk,15
biosynthesis,15
mudding,15
hkg,15
gnocchi,15
phone-wiring,15
vibration,15
gwas,15
vegetable,15
slope,15
national-rail,15
diabetes-mellitus,15
bru,15
brisket,15
parasitism,15
shutoff,15
veal,15
trapdoor,15
sexual-dimorphism,15
israeli-citizens,15
lettuce,15
layout,15
resorts,15
rewire,15
kefir,15
filling,15
armenia,15
rotterdam,15
gate-post,15
lost-luggage,15
e-visas,15
rock,15
olive,15
pot-roast,15
extremophiles,15
bucharest,15
egress,15
truffles,15
safe-prime,15
nudism,15
protein-evolution,15
sander,15
propane-grill,15
swiss,15
nose,15
organic,15
emergency-preparedness,15
embedded,15
transformer,15
latvia,15
matrix-multiplication,15
climate-change,15
gene-annotation,15
lakes,15
medicinal-chemistry,15
mexico-city,15
accumulators,15
cyprus,15
mango,15
spraypainting,15
military,15
sorbet,15
cnc,15
teflon,15
cucumbers,15
containers,15
acoustic,15
chainsaw,15
herpetology,15
predation,14
lidar,14
sexual-reproduction,14
code-share,14
broadcast-encryption,14
dry-rot,14
niagara-falls,14
fondue,14
ants,14
growth-media,14
kosovo,14
fraud,14
tenerife,14
two-wheeled,14
blanching,14
ledger,14
nice,14
avalanche,14
ductwork,14
affine-cipher,14
non-repudiation,14
white-box,14
edinburgh,14
sensory-systems,14
leavening,14
cytogenetics,14
sequence-assembly,14
recombinant,14
backpacks,14
genetic-linkage,14
nicaragua,14
damaged-luggage,14
amusement-parks,14
species-distribution,14
carbonation,14
phosphorylation,14
turkish-cuisine,14
spherification,14
3d-printing,14
steps,14
bath,14
paella,14
expedia,14
prohibited-items,14
pocket-door,14
table-saw,14
palestine,14
ccm,14
first-robotics,14
montgomery-multiplication,14
rna-interference,14
software-obfuscation,14
maple-syrup,14
bacterial-toxins,14
flatbread,14
balance,14
tuna,14
war-zones,14
dictionary-attack,14
kenya,14
bom,14
trim-carpentry,14
old-work,14
caucasus,14
eurail,14
glaze,14
reykjavik,14
quebec,14
fire-extinguisher,14
asparagus,13
kenyan-citizens,13
common-travel-area,13
pharmacodynamics,13
southern-california,13
trans-siberian,13
elliptic-curve-generation,13
bangalore,13
anaerobic-respiration,13
vietnamese-cuisine,13
broccoli,13
humanoid,13
proof-of-employment,13
ethical-travel,13
art,13
sealant,13
cafes,13
surgery,13
jr-pass,13
acrylic,13
greek-cuisine,13
produce,13
grass,13
mosaic,13
guatemala,13
orlando,13
twins,13
memory-hard,13
saudi-citizens,13
travel-companions,13
nut-butters,13
food-history,13
cultural-difference,13
flight,13
storm-door,13
nostalgia,13
hardy-weinberg,13
renal-physiology,13
apple-pie,13
malaysian-citizens,13
taste,13
corned-beef,13
bosnia,13
xray-crystallography,13
coding-theory,13
malaria,13
refugees,13
front-door,13
ligation,13
datv,13
blood-group,13
dress-codes,13
overflow,13
thai-citizens,13
oyster,13
tongue-and-groove,13
dutch-citizens,13
healing,13
cognition,13
driver,13
forced-air,13
ramen,13
universal-hash,13
metal-roof,13
discrimination,13
linux,13
volcanoes,13
venezuela,13
quiche,13
mussels,12
pohlig-hellman,12
gearing,12
asn.1,12
lithuania,12
sonar,12
sidewalk,12
russian-cuisine,12
evaporated-milk,12
exhaust,12
decryption-oracle,12
cell-cycle,12
peaches,12
fire-sprinkler,12
cathay-pacific,12
tatkal,12
ride-sharing,12
walkway,12
sinkhole,12
northern-ireland,12
tsa-precheck,12
icn,12
vientiane,12
celery,12
deception,12
junction,12
tuning,12
timing,12
bioluminescence,12
pasteurization,12
biomedical-engineering,12
flavour-pairings,12
seitan,12
biscuits,12
decay,12
bangladesh,12
soil,12
pose,12
recycling,12
touch,12
british-columbia,12
eax,12
barbecue-sauce,12
northern-california,12
flow-cytometry,12
temples,12
collective-behaviour,12
queensland,12
uber,12
left-luggage,12
cms,12
serving-suggestion,12
mediterranean,12
tracks,12
aluminum-wiring,12
damp-proof-course,12
vwp,12
kyrgyzstan,12
aids,12
network,12
stuffing,12
barn,12
san-diego,12
atlanta,12
paneer,12
dry-aging,12
arithmetic,12
dub,12
tallinn,12
putty,11
taping,11
blum-blum-shub,11
walking-robot,11
rivers,11
ghee,11
chutney,11
blinding,11
visa-rejection,11
football,11
phone-networks,11
stomach,11
copy-number-variation,11
rebar,11
visual-servoing,11
research-tools,11
cost-effective,11
sugar-free,11
rangefinder,11
stepper-driver,11
meatloaf,11
shutters,11
jalapeno,11
south-india,11
jamb,11
outdoor-cooking,11
phenology,11
pilot-light,11
chickens,11
polish-citizens,11
phuket,11
behavior,11
host-proof,11
siberia,11
horizontal-gene-transfer,11
dusseldorf,11
cape-town,11
lennox,11
liqueur,11
leipzig,11
selection,11
fiat-shamir,11
power-backup,11
pet-proofing,11
gds,11
mount,11
ecotourism,11
introns,11
hnd,11
key-recovery,11
salzburg,11
trenitalia,11
uzbekistan,11
thalys,11
deserts,11
toasting,11
planning-permission,11
zucchini,11
mexican-citizens,11
lyon,11
mushroom,11
guangzhou,11
goa,11
macroevolution,11
machu-picchu,11
hidden-city-ticketing,11
alfredo,11
soldering,11
scallops,11
homology,11
avr,11
lobster,11
plating,11
digital-cash,11
siv,11
doughnuts,11
tropical-destinations,11
tasting,11
tuberculosis,11
offal,11
exons,11
rvs,11
peanut-butter,11
oceania,11
private-set-intersection,11
iad,11
i2c,11
evaporative-cooling,11
surfing,11
welding,11
biological-networks,11
binding-sites,11
aeroflot,11
anthropology,11
creme-fraiche,11
santiago-de-chile,11
western-usa,11
ketchup,11
saffron,10
visual-cryptography,10
inflammation,10
himalayas,10
manufacturing,10
hollandaise,10
glucose-syrup,10
membrane,10
immunoglobin,10
batumi,10
prokaryotes,10
melting-sugar,10
pork-shoulder,10
syd,10
high-altitude,10
miami,10
hydration,10
pet-door,10
gumbo,10
column,10
cologne,10
geometry,10
access-control,10
poison,10
pork-chops,10
climbing,10
privacy,10
psychoneuropharmacology,10
salar-de-uyuni,10
kitchen,10
handrail,10
chai,10
salami,10
file-format,10
services,10
duct-tape,10
pole,10
rural,10
rye,10
built-ins,10
liechtenstein,10
key-wrap,10
chennai,10
marrakech,10
crumb-crust,10
olympics,10
oman,10
china-airlines,10
chia,10
mascarpone,10
wood-finish,10
ethiopia,10
convergent-encryption,10
philosophy-of-science,10
cambridge,10
san-francisco-bay-area,10
edi,10
corner-bead,10
saving-money,10
ebola,10
spanish-language,10
eastern-usa,10
current,10
energy-audit,10
english-cuisine,10
chicken-wings,10
wizz-air,10
fatty-acid-synthase,10
siem-reap,10
kerala,10
north-india,10
vouchers,10
loft,10
ipsec,10
sticky-rice,10
yvr,10
temporary,10
antarctica,10
tweakable-cipher,10
nexus,10
del,10
electrical-stimulation,10
literature-search,10
force,10
oregon,10
oxford,10
multi-prime-rsa,10
charter,10
oslo,10
fortuna,10
ltn,10
central-asia,10
tamales,10
bratislava,10
raspberries,10
florence,10
boeing,10
mass-spectrometry,10
wasabi,10
central-vacuum,10
smoke-flavor,10
towels,10
rio-de-janeiro,10
stn,10
altruism,10
sin,10
denver,10
cph,10
tibet,9
traditional,9
hand-blender,9
detroit,9
ecies,9
hhn,9
carport,9
southeast-europe,9
carnet-de-passage,9
cod,9
severe-weather,9
trash-can,9
colorado,9
tissue-repair,9
mhc,9
cauliflower,9
dubrovnik,9
signalling,9
castles,9
vertebrates,9
shortcuts,9
solar-tubes,9
quadrature-encoder,9
transfer-switch,9
us-airways,9
compass,9
bkk,9
cranberries,9
booking.com,9
constants,9
flambe,9
porch-swing,9
chromatography,9
us-residents,9
ghanaian-citizens,9
tajikistan,9
render,9
uk-residents,9
blocking,9
uganda,9
taipei,9
feline,9
efficiency,9
fastening,9
cytoskeleton,9
ramadan,9
function-evaluation,9
sprouting,9
treehouse,9
camellia,9
haggling,9
scenic-routes,9
scandinavia,9
h-bridge,9
ripemd,9
black-sea,9
cairo,9
lymphatic,9
cabin-crew,9
crispr,9
trench,9
blowtorch,9
vatican-city,9
grinder,9
saliva,9
burnt,9
bruges,9
errors,9
uv,9
artichokes,9
professional,9
rum,9
mash,9
atlantic-ocean,9
auh,9
antipredator-adaptation,9
antibiotic-resistance,9
melon,9
mindstorms,9
mouse,9
pate,9
kosher-salt,9
weep-hole,9
index-of-coincidence,9
opencv,9
watermelon,9
luxembourg,9
automation,9
treatment,9
jerusalem,9
lga,9
kaliningrad,9
washington-state,9
iberia,9
oktoberfest,9
key-rotation,9
monaco,9
3d-reconstruction,9
hot-dog,9
maillard,9
bandsaw,9
arizona,9
osmoregulation,9
legged,9
mailbox,9
irish-citizens,9
miles-and-more,9
malaysian-airlines,9
yolk,9
wind,9
jetlag,9
vital-wheat-gluten,9
manchester,9
air-conditioner,9
manila,8
skein,8
pennsylvania,8
grating,8
open-jaw,8
projector,8
skyteam,8
balkan-cuisine,8
differentiation,8
fishing,8
cherries,8
municipality,8
government-buildings,8
british-citizens,8
cranial-nerves,8
alaska-airlines,8
interference,8
fare-class,8
simon,8
insulin,8
chopping,8
intracellular-transport,8
fco,8
siphash,8
chiang-mai,8
mount-everest,8
green,8
bouillon,8
iraq-citizens,8
psychophysics,8
uzbek-citizens,8
ransomware,8
filtering,8
publishing,8
indigenous-peoples,8
solar-thermal,8
ho-chi-minh-city,8
gender,8
dehydration,8
germination,8
chilling,8
serotonin,8
auckland,8
parachutes-skydiving,8
ghana,8
footwear,8
industrial-action,8
smartcard,8
mad,8
freedom-of-movement,8
spirit-airlines,8
margarine,8
stain-removal,8
tart,8
moroccan-citizens,8
certificateless-crypto,8
ulan-bator,8
visa-cancellation,8
peak-district,8
jet-airways,8
focaccia,8
dendrology,8
foil-cooking,8
lombok,8
payment,8
lithium-polymer,8
sashimi,8
seal,8
bagels,8
in-flight-service,8
silicon-valley,8
afghan-citizens,8
abs,8
svo,8
salmonella,8
new-york-state,8
drywall-mud,8
stress,8
measuring-scales,8
wet,8
websites,8
demography,8
new-caledonia,8
sheetrock,8
philadelphia,8
animal-riding,8
barley,8
veneer,8
new-south-wales,8
mistakes,8
hanoi,8
milling,8
license-key,8
hel,8
stateless-persons,8
wood-filler,8
archaea,8
safari,8
russian-language,8
mel,8
basel,8
almond-milk,8
clinical-trial,8
melanin,8
kyushu,8
homestay,8
nevada,8
standby,8
yurt,8
cancun,8
sifting,8
corruption,8
neuromodulation,8
whiskey,8
searchable-encryption,8
nepali-citizens,8
codon,8
hydronic,8
distributed-decryption,8
egg-noodles,8
ryokans,8
japanese-language,8
histone-modifications,8
sterilisation,8
swiss-citizens,8
melatonin,8
lcy,8
yellowstone,7
gamete,7
nicaraguan-citizens,7
cajun-cuisine,7
carnival-mardi-gras,7
ultrasound,7
lebanese-citizens,7
ugv,7
galapagos-islands,7
northern-cyprus,7
register,7
norwegian-air-shuttle,7
forensics,7
amazon-jungle,7
rajasthan,7
netherlands-schengen-visa,7
transfection,7
dpa,7
new-orleans,7
chestnuts,7
fuse-breaker,7
romance,7
chemical-communication,7
fire-pit,7
leh,7
alternative-energy,7
lemonade,7
arctic,7
earthquake,7
riga,7
lentivirus,7
packing,7
brussels-sprouts,7
snake,7
gadgets,7
caves,7
interrupts,7
books,7
kathmandu,7
okra,7
flan,7
trusted-traveler,7
timed-release,7
negligible,7
ruins,7
dormer,7
tel-aviv,7
rolls,7
dominican-republic,7
ofii,7
neuroplasticity,7
dopamine,7
cairns,7
sofia,7
sodium,7
rhubarb,7
jakarta,7
doh,7
korean-air,7
brain-stem,7
jnb,7
force-sensor,7
weekends,7
oogenesis,7
opaque-provider,7
orientation,7
shellac,7
new-jersey,7
nuremberg,7
dual-ec-drbg,7
chain,7
ceviche,7
habitat,7
multi-agent,7
pita,7
symbiosis,7
cholesterol,7
chocolate-truffles,7
blood-sugar,7
flour-tortilla,7
tromso,7
opioid,7
iraqi-kurdistan,7
immunosuppression,7
protein-engineering,7
addis-ababa,7
maryland,7
grading,7
philippine-airlines,7
blake2,7
convenience-foods,7
crab,7
gibraltar,7
congruence,7
copper-cookware,7
cladistics,7
partition,7
iguazu-falls,7
influenza,7
confit,7
prion,7
comparisons,7
vie,7
hostelworld,7
parsley,7
baku,7
hummus,7
blind-baking,7
biopython,7
oblivious-ram,7
zimbabwe,7
parmesan,7
precise-positioning,7
chip-seq,7
mauritius,7
tamil-nadu,7
probabilistic-encryption,7
bioinorganic-chemistry,7
massachusetts,7
probability,7
information,7
peer-review-journal,7
cork,7
product-review,7
hybrid,7
chorizo,7
house-wrap,7
hypersensitivity,7
migration,7
gene-synthesis,7
plums,7
mental-poker,7
michigan,7
universal-composability,7
spanish-citizens,7
cold-weapons,7
cultured-food,7
moss,7
pir,7
hong-kong-citizens,7
flowering,7
pyrenees,7
cilantro,7
parchment,7
wroclaw,6
la-paz,6
extreme-sports,6
mnl,6
chronobiology,6
carter-wegman,6
batteries,6
building,6
pkcs8,6
education,6
mavlink,6
kilimanjaro,6
vex,6
amazon-river,6
sicily,6
pestle,6
codon-usage,6
rotation,6
algerian-citizens,6
bhutan,6
peruvian-citizens,6
water-quality,6
kiev,6
via-rail,6
metabolomics,6
root,6
travel-obstructions,6
noncoding-rna,6
senegal,6
kebab,6
albanian-citizens,6
pressure-canner,6
hamburg,6
rope-knots,6
faroe-islands,6
bath-england,6
coverage,6
wellington,6
neapolitan-pizza,6
precautions,6
weeds,6
no-advance-plans,6
linear-bearing,6
t7-promoter,6
bcn,6
knife-safety,6
swarm,6
access-panel,6
casablanca,6
homomorphic-signatures,6
portland,6
rolling,6
east-asia,6
homosexuality,6
komodo,6
thermocouple,6
tatras,6
altitude,6
ephemeral,6
colombian-citizens,6
norx,6
copy-protection,6
sweden-citizens,6
havana,6
ductless,6
hominy,6
san-jose-california,6
homocysteine,6
knapsack,6
elisa,6
shinkansen,6
hungarian-cuisine,6
excavator,6
trusted-platform-module,6
dust,6
lima,6
eclipses,6
evidence,6
truecrypt,6
excavation,6
bulgarian-citizens,6
west-bank,6
versailles,6
ocb,6
prokaryotic-cells,6
thessaloniki,6
bitslicing,6
baker-percentage,6
sounds,6
zambia,6
scooters,6
self-guided,6
goat,6
cubes,6
peel,6
crl,6
frozen-yogurt,6
gene-therapy,6
paraguay,6
virginia,6
crimea,6
genetic-diagrams,6
virgin-australia,6
reverse-transcription,6
chimerism,6
iris,6
proxy-re-encryption,6
china-southern-airlines,6
fridge,6
greenland,6
addiction,6
spicejet,6
georgia-usa,6
pedigree,6
jetstar,6
mri,6
visa-duration,6
reinforcement-learning,6
advice,6
idea,6
walk,6
ory,6
maastricht,6
formula-one,6
german-language,6
baltimore,6
masa,6
madagascar,6
pvg,6
namibia,6
gasoline,6
air-new-zealand,6
ratp,6
rates,6
gingerbread,6
glass-top-range,6
luby-rackoff,6
louvre,6
nairobi,6
greece-schengen-visas,6
fst,6
mxp,6
operons,6
air-asia,6
instinct,6
msg,6
marshrutkas,6
cracks,6
loire-valley,6
yorkshire-puddings,6
fiji,6
southwest-airlines,6
cycle,6
kashmir,6
mass-spec,6
griddle,6
great-wall-of-china,6
dangerous,6
johannesburg,6
cell-sorting,6
puree,6
rrt,6
3d-model,6
grapes,6
chip,6
dead-sea,5
chassis,5
echolocation,5
toaster,5
goose,5
mex,5
carbonara,5
minerals,5
aging,5
dulce-de-leche,5
yemeni-citizens,5
air-china,5
deduced-reckoning,5
span-tables,5
technical-stops,5
clotted-cream,5
nordic-countries,5
yosemite,5
south-asia,5
space,5
locating,5
split,5
cas9,5
man,5
legumes,5
cpu,5
chilean-citizens,5
air-leaks,5
ncbi,5
alberta,5
speck,5
dashi,5
cartridge,5
logic-control,5
mutton,5
skiing,5
tilapia,5
chirality,5
maui,5
corsica,5
mass-cooking,5
chlorine,5
dip,5
dolomites,5
stainless,5
mycoplasma,5
wwoof,5
cape-verde,5
medical-tourism,5
microhood,5
salt-lake-city,5
cistern,5
locomotion,5
coriander,5
new-england,5
malt,5
monotone-access-structure,5
xian,5
deflection,5
closer,5
sex-ratio,5
dehumidifier,5
taiwanese-citizens,5
mixing-function,5
dtw,5
cedar-plank,5
soccer,5
stoneware,5
dissolve,5
digital-audio,5
tahini,5
needham-schroeder,5
sports-equipment,5
adapters,5
suriname,5
artificial-life,5
molding,5
granola,5
neutral,5
cooling-off-periods,5
centrifugation,5
shore-excursions,5
airline-alliances,5
moldova,5
three-pass-protocol,5
crossover,5
canoeing-and-kayaking,5
key-check-value,5
kef,5
oman-air,5
baltics,5
rodents,5
turf,5
grenoble,5
brittany,5
pek,5
key-escrow,5
wasps,5
veins,5
turkmenistan,5
kiwifruit,5
jordanian-citizens,5
parquet,5
s-mime,5
brie,5
jewish-cuisine,5
bijection,5
french-language,5
hypothalamus,5
occupancygrid,5
s-des,5
evo-devo,5
vegetation,5
hunting,5
odour,5
waterfalls,5
belize,5
banff,5
bergen,5
eze,5
buckwheat,5
kale,5
glasgow,5
cannes,5
north-carolina,5
invasive-species,5
high-throughput,5
ita-matrix,5
radiant-barrier,5
isoforms,5
bed-bugs,5
rabies,5
railway-station,5
island-hopping,5
frost,5
wales,5
ravioli,5
unicity-distance,5
rabbit,5
ottawa,5
uruguay,5
pacific-ocean,5
iraq,5
french-riviera,5
tuscany,5
auv,5
research-design,5
gilgit-baltistan,5
fjords,5
openni,5
atl,5
platform,5
school-holidays,5
helicopters,5
reuse,5
blood-brain-barrier,5
gdansk,5
jeju,5
pymol,5
japanese-visitors,5
vueling,5
pork-belly,5
plausible-deniability,5
histamine,5
sas,5
angle-grinder,5
porto,5
beds,5
honduras,5
can,5
transfusion,5
bay-leaf,5
universal-studios,5
hall-sensor,5
late-arrival,5
aquaculture,5
saudi-airlines,5
andorra,5
ankara,5
hexapod,5
human,5
pier-blocks,5
north-africa,5
phnom-penh,5
honeycomb,5
beggars,5
knobs,5
vessel,5
hearth,5
landscape-ecology,5
heart-output,5
kombucha,5
image-processing,5
pond,5
truss,5
trinidad-and-tobago,5
vfh,4
montevideo,4
speech-processing,4
sport,4
mosquitoes,4
input,4
planting,4
visual-system,4
rrna,4
cold-brew,4
logjam,4
basting,4
inner-mongolia,4
cryptdb,4
bogota,4
hepatitis,4
micromouse,4
menstrual-cycle,4
hla,4
upholstery,4
pty,4
universal-re-encryption,4
hallucinogens,4
pantry,4
phosphate,4
vestigial,4
azores,4
christchurch,4
submarine,4
danish-citizens,4
tehran,4
photoperiod,4
gru,4
malawi,4
bne,4
autophagy,4
maldives,4
gammon,4
quartz,4
panama-city,4
swaziland,4
victoria-bc,4
pot-pie,4
gauge,4
tamarind,4
pushfit,4
indonesian-cuisine,4
politics,4
spout,4
crumble,4
tahiti,4
bikes,4
plasma-membrane,4
zagreb,4
south-carolina,4
gcc,4
gynecology,4
zika,4
ghent,4
guest-houses,4
crock,4
guide,4
chronic,4
portuguese-language,4
gva,4
pulses,4
steering,4
hurricane-panels,4
fruit-leather,4
belgrade,4
bec,4
cost,4
stuck,4
mongolian-language,4
mdw,4
product-of-exponentials,4
tallinja-cards,4
hamming,4
tangier,4
bile,4
bahrain,4
greek-citizens,4
spray-paint,4
md4,4
cramer-shoup,4
stuttgart,4
phl,4
zoos,4
tartare,4
competent-cells,4
gondolas-and-cable-cars,4
pomegranate,4
biomedical-technology,4
minipreps,4
vignettes,4
valencia,4
concentration,4
zimbabwean-citizen,4
pop-rocks,4
iah,4
vancouver-island,4
prg,4
medium,4
barranquilla,4
pretzels,4
biga,4
yerevan,4
argon2,4
excreta,4
silver,4
animal-husbandry,4
empty-leg,4
dushanbe,4
dnapolymerase,4
silk-road,4
tohoku,4
ccp4,4
romanian-cuisine,4
romanian-citizens,4
cdna,4
arn,4
lgbt,4
dynamic-programming,4
reviews,4
dynamixel,4
developmental-biology,4
scales,4
e-cigarettes,4
arx,4
roads,4
caribbean-cuisine,4
rix,4
land-transit,4
aktau,4
leuven,4
diffusion,4
tunisia,4
tunisian-citizens,4
cayman-islands,4
auschwitz,4
tortilla-chips,4
bundled-cables,4
kix,4
saddle-valve,4
shenzhen,4
world-war-ii,4
cai,4
toiletries,4
austin,4
firewood,4
shallots,4
kit,4
sharia-law,4
kuka,4
tokenization,4
sexuality,4
archaeology,4
extra-cellular-matrix,4
drafting,4
algonquin-park,4
kingfisher-airlines,4
travertine,4
rs232,4
rubber,4
alternating-step,4
cappadocia,4
rhine,4
electric-heat,4
borneo,4
schnorr-identification,4
airbus,4
oregano,4
yemen,4
flyingblue,4
fmm,4
social-norms,4
reprap,4
jamaican-citizen,4
lymph,4
remote-data-checking,4
sensor-error,4
relocating,4
food-web,4
attic-conversion,4
north-sea,4
bos,4
search,4
maa,4
kerberos,4
tgvair,4
windmill,4
australian-cuisine,4
carbon-monoxide,4
muscat,4
snacks,4
uht,4
tzatziki,4
sen,4
msp,4
ko-phi-phi,4
scientific-literature,4
differences,4
calcium,4
dietary-restriction,4
ana,4
xsalsa20,4
scatology,4
skirting,4
scl,4
norwegian-citizens,4
flax,4
electromuscular,4
dfw,4
optics,4
breaker,4
floorheating,4
antalya,3
carob,3
aspirin,3
clearance,3
bva,3
amman,3
banks,3
oak,3
caravans,3
almaty,3
battle-bot,3
allometry,3
vermont,3
transdermal,3
aluminum-foil,3
tree,3
apple,3
syskit,3
torres-del-paine,3
abkhazia,3
syracuse,3
venezuelan-citizens,3
antwerp,3
victoria-falls,3
andalusia,3
ventricles,3
andaman-nicobar-islands,3
carpaccio,3
oxtail,3
uip,3
arabic-language,3
threefish,3
bristol,3
baby-food,3
churchill,3
u-prove,3
burning-man,3
bits,3
bad-weather,3
yul,3
airline-booking,3
thickness,3
bread-pudding,3
aegean-airlines,3
back-up,3
aep,3
asuncion,3
auxology,3
bishkek,3
tikal,3
units,3
african,3
botswana,3
traffic-analysis,3
territoriality,3
australian-residents,3
birdwatching,3
asexual-reproduction,3
biology-misconceptions,3
bergamo,3
tam-airlines,3
cilia,3
bank-statement,3
celiac-disease,3
alkalinity,3
implantation,3
artificial-selection,3
acoustic-rangefinder,3
water-treatment,3
irkutsk,3
benzodiazepine,3
vilnius,3
bud,3
vce,3
biofilms,3
teratology,3
alcohol-content,3
biogeography,3
bsl,3
algeria,3
tumeric,3
buffalo,3
buddhism,3
cocaine,3
tlv,3
air-baltic,3
vfs,3
biclique-attack,3
sex-determination,3
jal,3
british-virgin-islands,3
overbooking,3
oklahoma,3
electric,3
orf,3
p1363,3
path-planning,3
dutch-language,3
perth,3
elderberries,3
pamir-highway,3
dutch-residents,3
pancetta,3
serbian-cuisine,3
ecophysiology,3
park-city,3
ecuador-citizens,3
eeg,3
indianapolis,3
indiana,3
eindhoven,3
passover,3
kohlrabi,3
krabi,3
scottish-cuisine,3
dose,3
dominican-citizens,3
den,3
jasper,3
lake-district,3
nova-scotia,3
snail,3
kuwaiti-citizens,3
desx,3
small-rnaseq,3
dus,3
vegetarianism,3
astana,3
thai,3
grade,3
kerdi,3
jerk,3
queenstown,3
hyderabad,3
extermination,3
skewers,3
kerosene,3
disconnect,3
kbkdf,3
onion-routing,3
kansai,3
dissection,3
dissociation-constant,3
distributed-systems,3
operating-systems,3
petra,3
puno,3
genetic-code,3
encapsulation,3
houston,3
feal,3
road-signs,3
global-warming,3
finnair,3
finnish-citizens,3
finnish-cuisine,3
rivets,3
ring-main,3
georgian-bay,3
genoa,3
quietrock,3
haddock,3
lebanon,3
half-and-half,3
free-range,3
sjo,3
fryer,3
kettle,3
reggio-emilia,3
french-polynesia,3
reliability,3
fungus,3
quorum-sensing,3
polish-cuisine,3
french-guiana,3
faq,3
graham-crackers,3
fare-basis,3
honduran-citizens,3
fortresses,3
erv,3
honolulu,3
routing,3
pittsburgh,3
sardines,3
sao-paulo,3
placement,3
plant-perception,3
histone-deacetylase,3
hiring,3
hillwalking,3
heart-failure,3
hard-core-predicate,3
eurozone,3
decomposition,3
predicate-encryption,3
lpb,3
squid,3
delta,3
rsa-pss,3
green-fluorescent-protein,3
great-barrier-reef,3
gran-canaria,3
not-exactly-c,3
dosage-compensation,3
democratic-republic-congo,3
steamed-pudding,3
mount-fuji,3
star-gazing,3
lucerne,3
mali,3
new-mexico,3
nas,3
creme-anglaise,3
sprinkles,3
nederlandse-spoorwegen,3
croatia-citizens,3
ljubljana,3
lis,3
cryptoapi,3
spliceosome,3
curonian-spit,3
main,3
colombo,3
prefab,3
maine,3
message-recovery,3
cpg,3
minneapolis,3
sunbathing,3
community,3
mixnets,3
death-valley,3
mobile-internet,3
fried-eggs,3
sunshine-coast,3
marinara,3
currency-exchange,3
manitoba,3
congestion,3
deep-dish-pizza,3
connecticut,3
mate,3
stonehenge,3
mecca,3
compost,3
lepidoptera,3
dca,3
keyak,3
south-dakota,3
morphometry,3
data-association,3
dakar,3
leeks,3
nigeria,3
feta,3
northern-territory,3
las,3
prepping,2
manhattan,2
present,2
prime-field,2
jonkoping,2
valparaiso,2
grands-prix,2
marrow,2
kortrijk,2
aeromexico,2
addition,2
antihistamines,2
grand-teton,2
apec,2
malta-citizens,2
yukon,2
ukrainian-language,2
portuguese-citizens,2
xof,2
guatemalan-citizens,2
guam,2
hashed-elgamal,2
malay-language,2
pompeii,2
vayama,2
north-island,2
moulding,2
gulf-air,2
yow,2
berat,2
guernsey,2
guayaquil,2
bermuda,2
bern,2
afghanistan,2
jodhpur,2
meditation,2
marsupials,2
nrn,2
bologna,2
swiss-roll,2
blood-transfusion,2
anecdotal-evidence,2
gait,2
nou,2
gabon,2
medellin,2
bodrum,2
rabat,2
angle,2
melamine,2
frontier-airlines,2
frittata,2
pollard-rho,2
molluscs,2
lake-victoria,2
georgian-language,2
analgesia,2
gaspesie,2
gazpacho,2
miyaguchi-preneel,2
activerobot,2
verona,2
us-virgin-islands,2
metro,2
marseille,2
proteomics,2
yunnan,2
whalewatching,2
mauritian-citizens,2
provence,2
pune,2
gustation,2
astrakhan,2
anr,2
unlinkability,2
agra,2
hibiscus-tea,2
heat-management,2
intermodal,2
voip,2
alkyd,2
iowa,2
pakse,2
neural-engineering,2
worldwide,2
linguistics,2
international-calls,2
parking,2
novice-travellers,2
nikko,2
puebla,2
pulmonology,2
japanese-citizens,2
voc,2
china-rail,2
niederreiter,2
azerbaijani-citizens,2
pantanal,2
negombo,2
vno,2
paprika,2
vlc,2
austrian-citizens,2
ovulation,2
allelopathy,2
lgb,2
atac,2
lin,2
liverpool,2
ath,2
mco,2
goair,2
pkcs1,2
fret,2
libyan-citizens,2
allium,2
attic-door,2
italian-residents,2
world-cup,2
isogeny,2
isle-of-man,2
wainscoting,2
podgorica,2
mrds,2
hot-chocolate,2
horizontal,2
lusaka,2
air-muscle,2
lucas,2
wash,2
waste-disposal,2
kangaroo,2
water-purification,2
hohhot,2
no-costs,2
lcr,2
odisha,2
newfoundland,2
hermitian-curves,2
oaxaca,2
american-english,2
hri,2
novosibirsk,2
phone,2
vocabulary,2
basque-country,2
plane-spotting,2
minestrone,2
sat,2
parsnip,2
scratches,2
kem,2
myanma-citizens,2
bahamian-citizens,2
baikal,2
pdx,2
peach-aviation,2
baltic-sea,2
wyoming,2
lot-polish-airlines,2
i-80,2
xml-encryption,2
hungarian-citizens,2
airport-terminal,2
channel-islands,2
crackers,2
tay-ninh,2
everglades,2
simcards,2
sociobiology,2
cpvc,2
sakhalin,2
salt-lakes,2
byron-bay,2
st-maarten,2
error-tolerance,2
sharm-el-sheikh,2
eu-id-card,2
crawfish,2
sha,2
chechnya,2
solder,2
durian,2
tortilla-press,2
error-propagation,2
euronight,2
traitor-tracing,2
structure,2
sieve,2
rwanda,2
sichuan,2
bukhara,2
tofino,2
export-certificate,2
stavanger,2
the-hippie-trail,2
exploration,2
couples,2
soap-dispenser,2
catalonia,2
christmas-island,2
burgundy,2
shkoder,2
uv-exposure,2
sapporo,2
armenian-citizens,2
danfoss,2
el-calafate,2
sepsis,2
secure-index,2
tpe,2
daintree,2
transavia,2
el-salvador-citizens,2
cytokinesis,2
spackle,2
environmental-disasters,2
senior-travel,2
chernobyl,2
cycling,2
sea,2
easter-island,2
seville,2
tsf,2
icelandair,2
virgin-atlantic,2
synestesia,2
fireblocking,2
sardinia,2
cakes,2
english-channel,2
calgary,2
e-tickets,2
tfs,2
crocus-sativus,2
endothelium,2
tasmania,2
science,2
transnistria,2
crudo,2
cryonics,2
coot,2
slides,2
tuva,2
sport-equipment,2
tirana,2
turin,2
failure,2
citadels,2
royal-jordanian,2
dicing,2
sudan,2
udr,2
sna,2
cju,2
sumatra-indonesia,2
sirs,2
taffy,2
sunchokes,2
riyadh,2
detached-structure,2
crete,2
car-pooling,2
singaporean-citizens,2
dna-helix,2
straining,2
rice-wine,2
stretching-spring,2
syx,2
closures,2
third-party-sites,2
review,2
thousand-islands,2
cell-based,2
txl,2
confined-space,2
timbuktu,2
sweeteners,2
royal-air-maroc,2
cia,2
cook-islands,2
cooking-safety,2
differential-privacy,2
rocket,2
tajik-citizens,2
ransac,2
coa,2
rc6,2
ugandan-citizens,2
skipjack,2
digital-rights-management,2
fascia,2
brunei,2
brazzaville,2
tumor,2
cns,2
nce,2
livorno,2
north-dakota,1
kno,1
waw,1
wine-trails,1
dead-reckoning,1
danube,1
chembl,1
lally,1
cgk,1
watering,1
lej,1
aqaba,1
kurdistan,1
nte,1
amritsar,1
winnipeg,1
cgn,1
korean-language,1
lake-constance,1
sorrento,1
thermophilia,1
labview,1
lan-airlines,1
champagne,1
labrador,1
landing,1
language-choice,1
deoxys,1
lanscape,1
delaware,1
aerolineas-argentinas,1
ceremonial-events,1
definition,1
northeast-china,1
laptop,1
leveling,1
devices,1
taichung,1
antique,1
aeroplan,1
motels,1
tgd,1
kuala-lumpur-airport,1
nsw,1
ramp,1
nav,1
alsace,1
t-and-t-citizens,1
mia,1
malagasy-citizens,1
sunroom,1
mars,1
sudanese-citizens,1
ytz,1
connector,1
angola,1
cloud,1
maltese-citizens,1
mongolian-citizens,1
acoustic-cryptanalysis,1
malaga,1
malacca,1
york,1
compoung,1
moldovan-citizens,1
cornflake,1
trd,1
yorkshire,1
coastline,1
milano-centrale,1
mimicry,1
zqn,1
clt,1
medina,1
medication,1
snake-oil-cryptography,1
libya,1
cur,1
cuban-citizens,1
zad,1
chukotka,1
air-europa,1
wlg,1
yamagata,1
cemetery,1
surface-mount,1
china-eastern,1
culture-day,1
algebraic-eraser,1
spray,1
chime,1
alicante,1
tarragona,1
surf,1
crk,1
md2,1
commute,1
zambian-citizens,1
limnology,1
liege,1
liechtenstein-citizens,1
plasticity,1
pedagogy,1
naples,1
sstp,1
x25519,1
mozambican-citizen,1
macedonian-citizens,1
costa-rican-citizens,1
lymphoma,1
luxembourg-city,1
luxair,1
airberlin,1
cun,1
alljoyn,1
chisinau,1
mst,1
kmac,1
kiribati,1
crater-lake,1
lousiana,1
akl,1
ala,1
alabama,1
st-petersburg,1
cozumel,1
bgy,1
tibetan-language,1
guyanese-citizens,1
event-related-potential,1
vector-field-histogram,1
gulf-of-guinea,1
benidorm,1
sikkim,1
gsm,1
airport-link,1
low-latency,1
evn,1
guava,1
tse,1
rtfm,1
premium-services,1
rsap,1
factoring,1
gro,1
variant,1
biofeedback,1
falkland-islands,1
gyd,1
belarusian-citizens,1
gye,1
haitian-citizens,1
rush-hour,1
exercise,1
supermarket,1
phrasebooks,1
mcx,1
porridge,1
veterinary-medicine,1
pnq,1
poa,1
trenord,1
ethiopian-citizens,1
rc2,1
tyo,1
euro,1
augpake,1
hanover,1
han,1
halle,1
eurowings,1
great-salt-lake,1
busking,1
great-plains,1
wakayama,1
biological-control,1
saint-lucia,1
bmh,1
reu,1
resistor,1
brake,1
flush-mount,1
republic-congo,1
uae-citizens,1
forest,1
publication,1
san-jose,1
forward-genetics,1
boa,1
boarding-passes,1
bosnian-citizens,1
bog,1
regeneration,1
uncanny-valley,1
bolivian-citizen,1
error-margin,1
reverse-genetics,1
propulsion,1
block-and-beam,1
fll,1
gpa,1
got,1
google-search,1
roc,1
google-flight,1
geocaching,1
blake2b,1
fijian-citizens,1
gnss,1
gmp,1
roboti-arm,1
pronunciation,1
bivs,1
gold-coast,1
rovaniemi,1
golgi-body,1
bonn,1
glider,1
flavor-base,1
cactus,1
holerodent,1
san-marino,1
eritrean-citizen,1
dmk,1
jicama,1
cbg,1
dna-repair,1
uk-layover,1
organelle,1
jaipur,1
osl,1
italy-schengen-visas,1
asr,1
pseudogenes,1
information-gain,1
indicator,1
icgc,1
searing,1
shades,1
shacal-2,1
casino,1
ishigaki,1
isg,1
isaac,1
ccu,1
dundee,1
seaports,1
dme,1
tier-2-visa,1
old-trafford,1
skg,1
cellular,1
water-meter,1
sju,1
kbv,1
kazakhstani-citizens,1
tiraspol,1
karachi,1
kanto,1
aruba,1
kansas,1
sip,1
ontogeny,1
distribution-board,1
asiana-airlines,1
ontology,1
jro,1
sha-3-competition,1
cartagena,1
sar,1
canadian-rockies,1
idaho,1
openaccess,1
perperikon,1
dynorphin,1
huts,1
dunes,1
phoenix,1
canberra,1
cameroonian-citizens,1
hyperplasia,1
cameroon,1
hux,1
autoreceptor,1
savannakhet,1
hurum,1
iata,1
hs1-siv,1
barefoot,1
sauna,1
victoria-australia,1
pbm,1
catalan-language,1
otr,1
pamplona,1
ind,1
pbc,1
torx,1
avis,1
tos,1
integration,1
avv,1
easter,1
innsbruck,1
service,1
ecn,1
car-sharing,1
separating,1
acid,1
histopathology,1
ein,1
zzyzx,1
